\connect db_jukebox

--
-- Name: album; Type: TABLE; Schema: public; Owner: postgres
--

CREATE TABLE public.album (
    id bigint NOT NULL,
    release_date date,
    title character varying(255),
    artist_id bigint
);


ALTER TABLE public.album OWNER TO postgres;

--
-- Name: album_id_seq; Type: SEQUENCE; Schema: public; Owner: postgres
--

ALTER TABLE public.album ALTER COLUMN id ADD GENERATED BY DEFAULT AS IDENTITY (
    SEQUENCE NAME public.album_id_seq
    START WITH 1
    INCREMENT BY 1
    NO MINVALUE
    NO MAXVALUE
    CACHE 1
);


--
-- Name: artist; Type: TABLE; Schema: public; Owner: postgres
--

CREATE TABLE public.artist (
    id bigint NOT NULL,
    bio character varying(255),
    fan_number integer,
    name character varying(50)
);


ALTER TABLE public.artist OWNER TO postgres;

--
-- Name: artist_id_seq; Type: SEQUENCE; Schema: public; Owner: postgres
--

ALTER TABLE public.artist ALTER COLUMN id ADD GENERATED BY DEFAULT AS IDENTITY (
    SEQUENCE NAME public.artist_id_seq
    START WITH 1
    INCREMENT BY 1
    NO MINVALUE
    NO MAXVALUE
    CACHE 1
);


--
-- Name: playlist; Type: TABLE; Schema: public; Owner: postgres
--

CREATE TABLE public.playlist (
    id bigint NOT NULL,
    name character varying(255)
);


ALTER TABLE public.playlist OWNER TO postgres;

--
-- Name: playlist_id_seq; Type: SEQUENCE; Schema: public; Owner: postgres
--

ALTER TABLE public.playlist ALTER COLUMN id ADD GENERATED BY DEFAULT AS IDENTITY (
    SEQUENCE NAME public.playlist_id_seq
    START WITH 1
    INCREMENT BY 1
    NO MINVALUE
    NO MAXVALUE
    CACHE 1
);


--
-- Name: playlist_track; Type: TABLE; Schema: public; Owner: postgres
--

CREATE TABLE public.playlist_track (
    playlist_id bigint NOT NULL,
    track_id bigint NOT NULL
);


ALTER TABLE public.playlist_track OWNER TO postgres;

--
-- Name: track; Type: TABLE; Schema: public; Owner: postgres
--

CREATE TABLE public.track (
    id bigint NOT NULL,
    duration integer NOT NULL,
    preview character varying(255),
    title character varying(255),
    album_id bigint
);


ALTER TABLE public.track OWNER TO postgres;

--
-- Name: track_id_seq; Type: SEQUENCE; Schema: public; Owner: postgres
--

ALTER TABLE public.track ALTER COLUMN id ADD GENERATED BY DEFAULT AS IDENTITY (
    SEQUENCE NAME public.track_id_seq
    START WITH 1
    INCREMENT BY 1
    NO MINVALUE
    NO MAXVALUE
    CACHE 1
);


--
-- Data for Name: album; Type: TABLE DATA; Schema: public; Owner: postgres
--

INSERT INTO public.album VALUES (1, '2015-05-04', 'Kendji', 3);
INSERT INTO public.album VALUES (2, '2014-03-03', 'Le Meilleur de la Musique Irlandaise - Les Plus Beaux Airs Celtiques', 1);
INSERT INTO public.album VALUES (3, '2018-09-28', 'Ancient Land', 1);


--
-- Data for Name: artist; Type: TABLE DATA; Schema: public; Owner: postgres
--

INSERT INTO public.artist VALUES (1, 'En 2004, les producteurs Sharon Browne et David Downes, directeur musical...', 31760, 'Celtic woman docker');
INSERT INTO public.artist VALUES (2, 'Né le 26 septembre 1985 à Strasbourg d''un père footballeur et d''une mère fonctionnaire', 1310570, 'M. Pokora');
INSERT INTO public.artist VALUES (3, 'Kendji Maillé est né à Périgueux, en Dordogne, le 3 juillet 1996.', 1014955, 'Kendji Girac');
INSERT INTO public.artist VALUES (4, 'Julien Doré est né le 7 juillet 1982 à Alès dans le Gard. Après des études ', 708365, 'Julien Doré');
INSERT INTO public.artist VALUES (5, 'Patrick Fiori, né le 23 septembre 1969 sous le nom de Jean-François Chouchayan', 216351, 'Patrick Fiori');
INSERT INTO public.artist VALUES (6, '', 167304, 'Trois Cafés Gourmands');
INSERT INTO public.artist VALUES (7, 'C''est le 28 septembre 1982 que voit le jour, à Saint-Renan (Finistère) que voile jour Nolwenn Le Magueresse', 230900, 'Nolwenn Leroy');


--
-- Data for Name: playlist; Type: TABLE DATA; Schema: public; Owner: postgres
--

INSERT INTO public.playlist VALUES (1, 'celtic');
INSERT INTO public.playlist VALUES (2, 'gitan');


--
-- Data for Name: playlist_track; Type: TABLE DATA; Schema: public; Owner: postgres
--

INSERT INTO public.playlist_track VALUES (1, 22);
INSERT INTO public.playlist_track VALUES (1, 24);
INSERT INTO public.playlist_track VALUES (1, 20);
INSERT INTO public.playlist_track VALUES (2, 4);
INSERT INTO public.playlist_track VALUES (2, 6);


--
-- Data for Name: track; Type: TABLE DATA; Schema: public; Owner: postgres
--

INSERT INTO public.track VALUES (1, 211, 'https://cdns-preview-f.dzcdn.net/stream/c-f981754c689d1819ed89bacbf4d53f75-3.mp3', 'Color Gitano', 1);
INSERT INTO public.track VALUES (2, 167, 'https://cdns-preview-d.dzcdn.net/stream/c-d691f59e5193e4b72074698028eb7c0d-3.mp3', 'Andalouse', 1);
INSERT INTO public.track VALUES (3, 202, 'https://cdns-preview-f.dzcdn.net/stream/c-fb6c4843fb44d64b3a34028f8b784336-3.mp3', 'Mon univers', 1);
INSERT INTO public.track VALUES (4, 209, 'https://cdns-preview-8.dzcdn.net/stream/c-8455bc3d727c0084b0b4e4be4a3022ee-3.mp3', 'Viens chez nous', 1);
INSERT INTO public.track VALUES (5, 197, 'https://cdns-preview-3.dzcdn.net/stream/c-31a535d15c084f905f2c78379f35511d-3.mp3', 'Cool', 1);
INSERT INTO public.track VALUES (6, 230, 'https://cdns-preview-f.dzcdn.net/stream/c-fadbb472c6dc15e6b7d135abc06fd2ce-3.mp3', 'Mi Amor', 1);
INSERT INTO public.track VALUES (7, 207, 'https://cdns-preview-9.dzcdn.net/stream/c-92bd8dcfbdcef431b640799394610ad1-3.mp3', 'Avec toi', 1);
INSERT INTO public.track VALUES (8, 196, 'https://cdns-preview-e.dzcdn.net/stream/c-ec1eb5c687359c2f6a007cfd6617bda6-3.mp3', 'Baïla Amigo', 1);
INSERT INTO public.track VALUES (9, 195, 'https://cdns-preview-a.dzcdn.net/stream/c-aa78a06b61eaf0cb3a6be965c3d23bbf-3.mp3', 'Je m''abandonne', 1);
INSERT INTO public.track VALUES (10, 180, 'https://cdns-preview-b.dzcdn.net/stream/c-bb51777f868c6dc27a32b63da4dc7453-3.mp3', 'Gentleman', 1);
INSERT INTO public.track VALUES (11, 214, 'https://cdns-preview-7.dzcdn.net/stream/c-773fb408806b4c9cd6d47b95db43186a-3.mp3', 'Au sommet', 1);
INSERT INTO public.track VALUES (12, 206, 'https://cdns-preview-a.dzcdn.net/stream/c-af72a374a928aa248cfc6279b57593b8-3.mp3', 'Elle m''a aimé', 1);
INSERT INTO public.track VALUES (13, 235, 'https://cdns-preview-0.dzcdn.net/stream/c-07d70cdc73b1746d764ab4268b74a256-4.mp3', 'Bella', 1);
INSERT INTO public.track VALUES (14, 183, 'https://cdns-preview-5.dzcdn.net/stream/c-5414db4747d93a17fac5759cd19aff5e-3.mp3', 'Conmigo', 1);
INSERT INTO public.track VALUES (15, 210, 'https://cdns-preview-b.dzcdn.net/stream/c-b1cb9c19369461b2ca2e01cd05cf0e89-3.mp3', 'Les richesses du coeur', 1);
INSERT INTO public.track VALUES (16, 201, 'https://cdns-preview-d.dzcdn.net/stream/c-de22e1ba949c3d261bfaf9e40838c5af-3.mp3', 'La bohème', 1);
INSERT INTO public.track VALUES (17, 194, 'https://cdns-preview-2.dzcdn.net/stream/c-2f91f57757d08972491995d9e51861e6-3.mp3', 'One Last Time (Attends-Moi)', 1);
INSERT INTO public.track VALUES (18, 208, 'https://cdns-preview-9.dzcdn.net/stream/c-946c9a8a6e4d3fa6c32002684a3e6a2d-3.mp3', 'Elle m''a aimé (Radio Edit)', 1);
INSERT INTO public.track VALUES (19, 168, 'https://cdns-preview-2.dzcdn.net/stream/c-25dc19d64662ad1d5a5a5a771a368859-4.mp3', 'Riverdance', 2);
INSERT INTO public.track VALUES (20, 143, 'https://cdns-preview-f.dzcdn.net/stream/c-f2d88538cdbba283fb66e9af7d4a704a-4.mp3', 'Give Me Your Hand', 2);
INSERT INTO public.track VALUES (21, 213, 'https://cdns-preview-4.dzcdn.net/stream/c-46e9aa572cffc205e4fa3aecd2424f37-4.mp3', 'The Snowy Breasted Pearl', 2);
INSERT INTO public.track VALUES (22, 163, 'https://cdns-preview-1.dzcdn.net/stream/c-10488f595a176878b63b4dc4041959b5-5.mp3', 'Ancient Land', 3);
INSERT INTO public.track VALUES (23, 259, 'https://cdns-preview-1.dzcdn.net/stream/c-1cef1f3ab6ca772b8ec8b04a8858ccfa-7.mp3', 'Homeland', 3);
INSERT INTO public.track VALUES (24, 245, 'https://cdns-preview-e.dzcdn.net/stream/c-eb8433459094c30847866d7042ec91e6-6.mp3', 'Moorlough Shore', 3);


--
-- Name: album_id_seq; Type: SEQUENCE SET; Schema: public; Owner: postgres
--

SELECT pg_catalog.setval('public.album_id_seq', 1, false);


--
-- Name: artist_id_seq; Type: SEQUENCE SET; Schema: public; Owner: postgres
--

SELECT pg_catalog.setval('public.artist_id_seq', 1, false);


--
-- Name: playlist_id_seq; Type: SEQUENCE SET; Schema: public; Owner: postgres
--

SELECT pg_catalog.setval('public.playlist_id_seq', 1, false);


--
-- Name: track_id_seq; Type: SEQUENCE SET; Schema: public; Owner: postgres
--

SELECT pg_catalog.setval('public.track_id_seq', 1, false);


--
-- Name: album album_pkey; Type: CONSTRAINT; Schema: public; Owner: postgres
--

ALTER TABLE ONLY public.album
    ADD CONSTRAINT album_pkey PRIMARY KEY (id);


--
-- Name: artist artist_pkey; Type: CONSTRAINT; Schema: public; Owner: postgres
--

ALTER TABLE ONLY public.artist
    ADD CONSTRAINT artist_pkey PRIMARY KEY (id);


--
-- Name: playlist playlist_pkey; Type: CONSTRAINT; Schema: public; Owner: postgres
--

ALTER TABLE ONLY public.playlist
    ADD CONSTRAINT playlist_pkey PRIMARY KEY (id);


--
-- Name: track track_pkey; Type: CONSTRAINT; Schema: public; Owner: postgres
--

ALTER TABLE ONLY public.track
    ADD CONSTRAINT track_pkey PRIMARY KEY (id);


--
-- Name: track uc_title; Type: CONSTRAINT; Schema: public; Owner: postgres
--

ALTER TABLE ONLY public.track
    ADD CONSTRAINT uc_title UNIQUE (title, album_id);


--
-- Name: artist uk_r03a96lqhsb7djq2tn4rq60vn; Type: CONSTRAINT; Schema: public; Owner: postgres
--

ALTER TABLE ONLY public.artist
    ADD CONSTRAINT uk_r03a96lqhsb7djq2tn4rq60vn UNIQUE (name);


--
-- Name: playlist_track fk2n53hmeho3pcyrrrl12ck69r4; Type: FK CONSTRAINT; Schema: public; Owner: postgres
--

ALTER TABLE ONLY public.playlist_track
    ADD CONSTRAINT fk2n53hmeho3pcyrrrl12ck69r4 FOREIGN KEY (playlist_id) REFERENCES public.playlist(id);


--
-- Name: track fkaxm9pbgk7ptorfyk3o6911q05; Type: FK CONSTRAINT; Schema: public; Owner: postgres
--

ALTER TABLE ONLY public.track
    ADD CONSTRAINT fkaxm9pbgk7ptorfyk3o6911q05 FOREIGN KEY (album_id) REFERENCES public.album(id);


--
-- Name: playlist_track fkf9qyasbwmrlc4tb1vfll54bot; Type: FK CONSTRAINT; Schema: public; Owner: postgres
--

ALTER TABLE ONLY public.playlist_track
    ADD CONSTRAINT fkf9qyasbwmrlc4tb1vfll54bot FOREIGN KEY (track_id) REFERENCES public.track(id);


--
-- Name: album fkmwc4fyyxb6tfi0qba26gcf8s1; Type: FK CONSTRAINT; Schema: public; Owner: postgres
--

ALTER TABLE ONLY public.album
    ADD CONSTRAINT fkmwc4fyyxb6tfi0qba26gcf8s1 FOREIGN KEY (artist_id) REFERENCES public.artist(id);
